<?xml version="1.0" encoding="UTF-8"?>
<beans xmlns="http://www.springframework.org/schema/beans"
    xmlns:xsi="http://www.w3.org/2001/XMLSchema-instance"
    xmlns:context="http://www.springframework.org/schema/context"
    xsi:schemaLocation="http://www.springframework.org/schema/beans http://www.springframework.org/schema/beans/spring-beans.xsd
    http://www.springframework.org/schema/context http://www.springframework.org/schema/context/spring-context.xsd">
   
    <context:component-scan base-package="com.zensar.training"></context:component-scan>
    <bean id="datasource" class="org.springframework.jdbc.datasource.DriverManagerDataSource">
    <property name="driverClassName" value="com.zensar.cj.jdbc.Driver"/>
    <property name="url" value="jdbc:mysql://localhost:3306/Trainingdb"/>
    <property name="username" value="root"/>
    <property name="password" value="ashishrao0526"/>
    </bean>
   
   <bean id="jdbcTemplate" class="org.springframework.jdbc.core.JdbcTemplate">
   <property name="datSource" ref="datasource"></property>
   </bean>
</beans>